Company,Fiscal Year,Total Revenue,Net Income,Total Assets,Total Liabilities,Operating Cash Flow
Apple,2023,383285,96995,352583,290437,110543
Apple,2024,391035,93736,364980,308030,118254
Apple,2025,416161,112010,359242,285511,111482
Microsoft,2023,211915,72361,411976,205753,87582
Microsoft,2024,245122,88136,512163,243686,118548
Microsoft,2025,281724,101832,619003,275519,136224
Tesla,2023,96773,14997,106618,43009,13256
Tesla,2024,97690,7091,122070,48390,14923
Tesla,2025,"94,827",3790,137806,55666,14747
